,country_name,population,population_male,population_female,gdp_usd,gdp_per_capita_usd,latitude,longitude,area_sq_km,infant_mortality_rate,health_expenditure_usd,human_capital_index,life_expectancy
0,Afghanistan,38928341,19976265,18952076,19101353832.0,502.0,33.0,66.0,652860.0,47.9,67.12265,0.389,64.486
1,Albania,2862427,1429594,1432833,230004859335.76923,18455.69230769231,41.0,20.0,76427.6,4.246153846153847,1483.2372713636362,0.6875833333333334,79.1060823076923
2,Algeria,43851043,22153808,21697235,169988236398.0,3948.0,28.0,1.0,2381740.0,20.1,258.494293,0.523,76.693
3,American Samoa,55197,27598,27598,1093719780.75,5566.625,-14.295833,-170.7075,3900.5333333333333,22.728571428571428,378.5009362857143,0.504,72.05411142857142
4,Andorra,77265,58625,55581,714008523235.5454,74888.63636363637,42.558333,1.555278,101591.93333333333,2.71,4221.5454346,0.7527142857142856,83.06856333333333
5,Angola,32866267,16260870,16605398,94635415869.0,2973.0,-12.35,17.35,1246700.0,51.6,114.459641,0.361,60.782
6,Anguilla,15002,7151,7971,13511487929.777779,18109.333333333332,18.227222,-63.048889,983.6666666666666,14.62857142857143,639.6924961428571,0.369,76.23953209999999
7,Antarctica,4400,2200,2200,343241750251.0,18634.75,-90.0,0.0,1858119.5333333334,20.799999999999997,1799.4612293749997,0.580125,71.98778962499999
8,Antigua and Barbuda,97928,47269,50659,13511487929.777777,18109.333333333332,17.116667,-61.85,1043.1777777777777,14.628571428571428,639.6924961428571,0.369,76.2395321
9,Argentina,44938712,19523766,20593330,449663446954.0,10006.0,-34.0,-64.0,2780400.0,8.8,1324.603516,0.611,76.52
10,Armenia,2963234,1393747,1569487,264090519109.37466,21064.69135586636,7.0,10.0,1136359.0296296296,17.45299058084772,1562.9963245650044,0.5977852182539682,75.04575939297315
11,Aruba,106766,50642,56124,23967296368.2,18202.7,12.511063,-69.974224,67053.86666666667,21.38571428571429,490.6244659999999,0.517,73.88283190909091
12,Australia,25499881,12698625,12801256,1392680589329.0,54907.0,-28.0,137.0,7741220.0,3.1,5331.817871,0.803,82.74878
13,Austria,8858775,4357033,4501742,455140042000.0,51448.0,48.0,14.0,83879.0,2.9,4939.875488,0.793,81.8
14,Azerbaijan,10139175,5064664,5074511,48047647058.0,4793.0,40.3,47.7,86600.0,19.2,275.809357,0.597,72.864
15,Bahamas,393248,191093,202155,31197146408.015385,20408.13076923077,25.0,-77.4,37261.59111111111,17.931746031746034,524.5625397777778,0.5033333333333333,75.79448206993005
16,Bahrain,1701583,1100474,601109,38574069148.0,23503.0,26.0675,50.551111,778.0,6.1,1127.186279,0.668,77.163
17,Bangladesh,164689383,83259108,81430275,302571254131.0,1855.0,24.016667,89.866667,147630.0,25.1,36.282337,0.479,72.32
18,Barbados,287371,139084,148287,6601021080.155556,16581.566666666666,13.17,-59.5525,834.0562962962962,15.895238095238097,689.7182733650793,0.613,75.59919910909092
19,Belarus,9449321,4399367,5049954,206756972556.4,22406.8,53.528333,28.046667,163647.66666666666,4.446666666666667,1753.2442158000001,0.7185,76.94441953333333
20,Belgium,11455519,5644826,5810693,542587364000.0,47436.0,50.641111,4.668056,30530.0,2.9,4507.356445,0.757,81.7
21,Belize,397621,197761,199860,118781109368.00102,14160.342051282052,17.066667,-88.7,181494.4394074074,16.556288156288154,461.68846852136755,0.5204848484848484,75.21890871928072
22,Benin,12123198,6054248,6068950,14390709094.0,1219.0,8.833333,2.183333,114760.0,60.5,30.766447,0.406,61.47
23,Bermuda,62273,32322,34524,33381485479.960995,18057.52703962704,32.333333,-64.75,16089.629037037037,20.89861111111111,578.6737327579365,0.48044444444444445,75.98138118916083
24,Bhutan,771612,410087,361525,1256558559459.4666,8180.133333333333,27.45,90.5,1127498.1333333333,27.78571428571428,108.45782521428569,0.5300000000000001,71.64466666666667
25,Bolivia,11673029,5858019,5815010,261423597210.07693,9148.461538461539,-17.05687,-64.991229,1186506.8666666667,14.442857142857141,673.1085952142857,0.5867000000000001,74.64535714285715
26,Bosnia and Herzegovina,3280815,1606609,1674206,20047848434.0,6073.0,44.0,18.0,51210.0,5.0,460.473328,0.618,77.262
27,Botswana,2351625,1139099,1212526,18340510789.0,7961.0,-22.2,23.7,581730.0,30.0,465.929321,0.424,69.275
28,Bouvet Island,0,0,0,95917361204.33333,5274.972222222223,-54.42222,3.35833,509173.9688888889,39.611111111111114,420.7643024861111,0.4209027777777778,62.63764329166666
29,Brazil,212559409,104435783,108123626,1839758040765.0,8717.0,-14.0,-53.0,8515770.0,12.8,928.799316,0.56,75.672
30,British Indian Ocean Territory,4000,2000,2000,346530514406.8,7512.2,-6.0,71.5,410942.85714285716,26.836363636363636,375.42566710000006,0.5248888888888888,70.8823458181818
31,British Virgin Islands,30237,16553,18223,23063090622.555553,17154.666666666664,18.445,-64.54,4299.38962962963,17.432142857142857,541.5931489107143,0.492,75.70912592727272
32,Brunei,437483,226987,210496,270684647352.07693,21542.846153846152,4.4,114.566667,257693.46666666667,18.563636363636366,556.5849941818182,0.619909090909091,74.94913515384616
33,Bulgaria,7000039,3395701,3604338,66182565600.0,9440.0,42.75,25.5,111000.0,5.9,663.715088,0.676,75.0
34,Burkina Faso,20903278,10444713,10458565,15745810234.0,774.0,12.266667,-2.066667,274220.0,49.0,44.403492,0.369,61.174
35,Burundi,11890781,5899864,5990917,3012334881.0,261.0,-3.666667,29.816667,27830.0,41.0,23.500433,0.38,61.247
36,Cambodia,16718971,8162424,8556547,27089389786.0,1643.0,12.6,105.0,181040.0,24.0,82.075867,0.493,69.57
37,Cameroon,26545864,13277075,13268789,38760467033.0,1497.0,7.0,12.0,475440.0,50.6,67.811813,0.394,58.921
38,Canada,37742157,18732178,19009979,1736425629519.0,46194.0,56.0,-109.0,9984670.0,4.3,4754.947754,0.799,81.94878
39,Cape Verde,555988,279117,276871,24291229657.07143,1456.7142857142858,15.916667,-24.083333,303543.3333333333,47.271428571428565,65.36526271428572,0.38358333333333333,63.0425
40,Caribbean Netherlands,26221,15971,15575,25206399536.432323,18112.215151515153,12.183333,-68.233333,69980.08375308642,17.101984126984128,540.4782683234126,0.5285,74.87900906969698
41,Cayman Islands,65720,37180,39213,44286581035.48109,15339.344854700856,19.5,-80.5,65574.65981234568,17.767211421057574,475.3143517153188,0.5129848484848485,75.19131876416441
42,Central African Republic,4829764,2394042,2435722,45201359268.333336,1946.8,6.7,20.9,690550.8666666667,50.79333333333334,83.1630426,0.367,61.13966666666666
43,Chad,16425859,8200170,8225689,11314951342.0,709.0,15.466667,19.4,1284000.0,71.4,29.730864,0.293,53.977
44,Chile,17574003,8972014,8601989,282318159744.0,14896.0,-33.0,-71.0,756700.0,6.2,1381.986206,0.674,80.042
45,China,1439323774,738247340,701076434,14342902842915.0,10261.0,35.844722,103.451944,9562910.0,7.4,440.825623,0.673,76.704
46,Christmas Island,1843,1463,607,296910802218.77515,19885.21893491124,-10.49,105.6275,276419.76444444444,18.433057851239667,415.5209324710744,0.6171468531468531,75.48066324260357
47,Cocos Islands,596,292,262,270600904647.97516,11554.733220625527,-12.1175,96.895,347284.93921693123,19.266646989374262,449.55418641092086,0.5776111409957564,73.78274894390225
48,Colombia,50882884,24984564,25898320,323802808108.0,6432.0,4.0,-73.25,1141748.0,12.2,459.197571,0.593,77.109
49,Comoros,869595,438653,430942,1185728676.0,1393.0,-12.23333,44.44553,1861.0,51.3,58.760929,0.409,64.118
50,Cook Islands,17564,9281,8768,30831910419.82143,9952.375,-21.233333,-159.783333,21942.36888888889,16.989795918367346,812.437279612245,0.5616000000000001,73.77192855357143
51,Costa Rica,5094114,2545076,2549038,61773944173.0,12238.0,10.0,-84.0,51100.0,7.6,869.077759,0.619,80.095
52,Croatia,4076246,1972572,2103674,60917594400.0,14868.0,45.25,15.466667,56590.0,4.0,902.139648,0.723,78.2
53,Cuba,11326616,5623468,5703148,49419178476.77983,11806.30117834758,22.0,-79.5,65492.30379983539,18.126227684215852,426.3152077703434,0.5114002525252526,74.79490974731901
54,Curaçao,164100,75469,88631,23921213558.24522,16776.967832167833,12.166667,-68.966667,76467.15600329218,20.0472582972583,497.01236020310245,0.51475,74.07765127900431
55,Cyprus,875899,427831,448068,24942615800.0,28674.0,35.0,33.0,9250.0,1.9,1731.694458,0.751,82.9
56,Czech Republic,10649800,5244194,5405606,244932977600.0,23010.0,49.5,16.0,78870.0,2.7,1475.915161,0.782,79.1
57,Democratic Republic of the Congo,89561404,44710172,44851232,47319624204.0,545.0,-2.88,23.656,2344860.0,68.2,19.431646,0.369,60.368
58,Denmark,5806081,2889073,2917008,355582262000.0,61360.0,56.0,10.0,42920.0,3.6,5800.151367,0.774,81.0
59,Djibouti,988002,518993,469009,148900132429.92307,16262.76923076923,11.8,42.433333,554097.4,30.053333333333335,562.5558600714286,0.505,69.13646666666666
60,Dominica,71991,35041,36298,8224120227.660605,16491.263636363637,15.416667,-61.333333,1137.6193580246913,16.50845238095238,625.4939700561507,0.5726666666666667,75.3182096030303
61,Dominican Republic,10847904,5418206,5429698,88941298257.0,8282.0,18.8,-70.2,48670.0,24.1,433.208588,0.492,73.892
62,East Timor,1318442,666242,652200,1673540300.0,1294.0,-8.966667,125.75,14870.0,39.3,83.197708,0.434,69.26
63,Ecuador,17643060,8823827,8819233,107435665000.0,6183.0,-1.0,-78.0,256370.0,12.2,518.029602,0.602,76.8
64,Egypt,102334403,51702862,50631541,303175127597.0,3020.0,27.0,29.0,1001450.0,18.1,105.768456,0.486,71.825
65,El Salvador,6486201,3036424,3449777,27022640000.0,4187.0,13.668889,-88.866111,21040.0,11.8,282.491028,0.501,73.096
66,Equatorial Guinea,1402985,780380,622605,55986324504.62222,2341.786666666667,1.5,10.0,637020.7244444445,50.93288888888889,84.87155903999998,0.3801538461538461,61.18511111111111
67,Eritrea,3546427,1777548,1768879,168493387041.45563,14204.136094674557,15.483333,38.25,636285.2266666667,29.536888888888893,606.0944352908164,0.5014615384615385,69.18592704444444
68,Estonia,1324820,625635,699185,30722303000.0,23246.0,59.0,26.0,45340.0,2.1,1300.481689,0.747,78.5
69,Ethiopia,114963583,57516835,57446748,96107662398.0,857.0,9.0,40.0,1104300.0,39.1,25.261953,0.385,66.24
70,Falkland Islands,3483,1385,1296,336798411325.0373,9845.016705516706,-51.73,-59.22,1199641.6245925925,15.132178932178931,881.0270848250359,0.5753727777777778,74.39016273268398
71,Faroe Islands,48865,27785,25775,795456709793.1538,64170.307692307695,61.969944,-6.844481,153686.26666666666,2.609090909090909,5363.961692000001,0.7754545454545454,81.70112538461538
72,Fiji,896444,454018,442426,4146446267.1571426,5071.3,-18.0,178.0,7254.060148148147,21.591836734693878,394.16846378979596,0.5035142857142858,71.73086888690476
73,Finland,5517919,2723290,2794629,276654540000.0,50150.0,65.0,27.0,338450.0,1.4,4205.742676,0.814,81.8
74,France,67012883,32386507,34626376,2776646200000.0,41300.0,47.0,2.0,549086.0,3.4,4379.727051,0.765,82.9
75,French Guiana,298682,147750,150932,6592952522.859394,13071.516363636363,3.99886,-52.99994,92410.59022880658,16.366569264069266,538.5125642330987,0.5734166666666667,73.2910482556474
76,French Polynesia,280904,142261,138643,27273425317.192062,8902.811111111112,-17.533333,-149.566667,21470.13082469136,19.678911564625853,764.0744287430839,0.5440142857142857,73.25604954100528
77,French Southern Territories,196,98,98,94813853446.97955,5684.993929147775,-43.0,67.0,297563.4530906526,35.15481914779435,296.3196323191747,0.4706818208986041,65.54935443291673
78,Gabon,2225728,1132854,1092874,16657960228.0,7667.0,-0.683331,11.5,267670.0,32.7,204.492249,0.453,66.187
79,Gambia,2416664,1198540,1218124,1763819047.0,751.0,13.5,-15.5,11300.0,39.0,23.272326,0.397,61.735
80,Georgia,3989175,1901227,2087947,282179091692.013,21440.584112924113,7.0,10.0,1214591.889382716,18.145371533228676,1568.5288980316711,0.5935544490231991,74.90119881311075
81,Germany,83019213,40966691,42052522,731963818579.8667,52572.73333333333,51.0,10.0,117363.33333333333,3.2285714285714286,3763.114807071429,0.7557142857142857,80.64000000000001
82,Ghana,31072945,15749999,15322946,66983634223.0,2202.0,8.0,-0.5,238540.0,34.9,66.749413,0.439,63.78
83,Gibraltar,33691,17279,17225,827081865858.4545,48262.56363636364,36.13775,-5.345361,323304.0622222222,7.450999999999999,2941.46509036,0.6781904761904762,80.86884037037036
84,Greece,10724599,5208293,5516306,217962048000.0,20296.0,38.5,23.0,131960.0,3.6,1516.587769,0.681,81.9
85,Greenland,56772,25310,24138,550627330631.1796,58845.02564102565,72.0,-40.0,180191.01904761905,2.5509090909090912,5034.4584982,0.7808454545454545,80.4679796153846
86,Grenada,112519,56666,55853,9638171831.280405,15461.471212121212,12.116667,-61.666667,66322.17359012346,15.432983405483405,593.9957923663961,0.5817916666666667,74.52239624848485
87,Guam,168783,85140,83643,577178036852.8462,17084.153846153848,13.5,144.8,88307.73333333334,21.74,1060.0980271,0.6171428571428572,73.74611281818183
88,Guatemala,17915567,8827109,9088458,76710385879.0,4619.0,15.5,-90.25,108890.0,22.1,259.935028,0.46,74.063
89,Guernsey,63276,28003,28368,856460816723.3394,81522.79766899766,49.4558,-2.5775,113648.61777777778,2.9944155844155844,4708.7723356064935,0.7619428571428571,82.03953444444444
90,Guinea,13132792,6353234,6779558,13590281808.0,1064.0,10.0,-11.0,245860.0,64.9,33.720112,0.374,61.185
91,Guinea-Bissau,1967998,962695,1005303,18432287758.147957,1161.6224489795918,12.0,-15.0,301391.55555555556,52.405102040816324,48.76035062244898,0.3763525641025641,61.27660714285714
92,Guyana,786559,395549,391010,4280443645.0,5468.0,5.733333,-59.316667,214970.0,25.1,230.527283,0.495,69.774
93,Haiti,11402533,5626445,5776088,8498981820.0,754.0,19.0,-72.8,27750.0,49.5,62.353279,0.446,63.66
94,Heard Island and McDonald Islands,0,0,0,129482145913.09068,6105.470780999626,-53.09354,73.516992,448617.31677817757,36.33074507372028,406.1879018909338,0.4608508023800855,65.59843525930562
95,Honduras,9904608,4948880,4955728,25095395475.0,2574.0,14.633333,-86.816667,112490.0,15.1,195.935745,0.49,75.088
96,Hong Kong,7496988,3439666,4057322,1507756559131.2725,18123.229191321498,22.278333,114.158611,918362.5733333334,18.504112554112552,407.7059756723731,0.6236083916083915,75.03276977289377
97,Hungary,9772756,4675821,5096935,157862996000.0,16166.0,47.0,19.0,93030.0,3.6,981.423035,0.703,76.2
98,Iceland,356991,182837,174154,24188035738.0,66944.0,65.0,-19.0,103000.0,1.5,6086.311523,0.74,82.9
99,India,1380004385,717100970,662903415,2875142314811.0,2104.0,22.8,83.0,3287259.0,29.9,69.293098,0.44,69.416
100,Indonesia,273523621,137717861,135805760,1119190780752.0,4135.0,-2.0,118.0,1913580.0,21.1,114.971786,0.535,71.509
101,Iran,83992953,42408406,41584547,445345282122.0,5520.0,32.0,53.0,1745150.0,12.4,475.47995,0.591,76.479
102,Iraq,40222503,20357778,19864725,234094042938.0,5955.0,33.0,43.0,435051.0,22.5,210.313705,0.398,70.454
103,Ireland,4904240,2428881,2475359,382365076000.0,78706.0,53.333333,-8.0,70280.0,3.1,4976.862305,0.806,82.3
104,Isle of Man,85032,47027,46709,836836744846.2789,75049.60536130537,54.235,-4.525,100598.94340740741,3.0868398268398267,5185.874530606493,0.7656521645021644,81.83679094017091
105,Israel,8655541,4308117,4347424,395098666121.0,43641.0,31.0,35.0,22070.0,3.0,3144.626221,0.763,82.802439
106,Italy,60359546,29384766,30974780,2083196780000.0,34456.0,42.5,12.5,301340.0,2.6,2840.130615,0.769,83.4
107,Ivory Coast,26378275,13300380,13077895,58792205642.0,2286.0,8.0,-6.0,322460.0,59.4,69.749245,0.353,57.422
108,Jamaica,2961161,1469641,1491520,16458071067.0,5582.0,18.18,-77.4,10990.0,12.4,307.196045,0.544,74.368
109,Japan,126476458,61753045,64723413,5081769542379.0,40246.0,35.0,136.0,377970.0,1.8,4168.986328,0.844,84.210976
110,Jersey,105500,53600,55205,915751260439.6449,81098.55519480519,49.19,-2.11,127889.5885234568,3.001525141525142,4745.472504452647,0.7622519660894661,82.3372991321499
111,Jordan,10203140,5165979,5037161,43743661971.0,4330.0,31.2,36.5,89320.0,13.9,340.661804,0.562,74.405
112,Kazakhstan,18776707,9112939,9663768,180161741180.0,9731.0,48.0,68.0,2724901.0,8.8,279.645325,0.746,73.15
113,Kenya,53771300,26718527,27052773,95503088538.0,1816.0,0.1,38.0,580370.0,30.6,76.610321,0.518,66.342
114,Kiribati,119446,58744,60702,194647201.0,1655.0,1.466667,173.033333,810.0,41.2,171.41748,0.479,68.116
115,Kosovo,1883018,1056741,1052151,253542593373.44382,18646.745562130178,42.55,20.833333,82853.44,3.857396449704143,1366.6183036969696,0.6925486111111111,78.72962710059171
116,Kuwait,4270563,2614446,1656117,134761198945.0,32031.0,29.166667,47.6,17820.0,6.7,1529.077637,0.576,75.398
117,Kyrgyzstan,6524191,3227270,3296921,8454619607.0,1309.0,41.0,75.0,199950.0,16.9,78.822838,0.58,71.4
118,Laos,7275556,3651794,3623762,18173839128.0,2534.0,18.2,104.1,236800.0,37.6,62.124634,0.452,67.61
119,Latvia,1919968,884909,1035059,34398215400.0,17818.0,57.0,25.0,64490.0,3.3,930.352356,0.724,75.1
120,Lebanon,6825442,3435746,3389696,53367042272.0,7784.0,33.833333,35.766667,10450.0,6.4,719.443481,0.538,78.875
121,Lesotho,2142252,1056950,1085302,2460072443.0,1157.0,-29.55,28.25,30360.0,65.7,104.552795,0.371,53.705
122,Liberia,5057677,2542539,2515138,3070518100.0,621.0,6.533333,-9.75,111370.0,53.5,56.59903,0.319,63.73
123,Libya,6871287,3468737,3402550,272366406647.0152,15880.174133558749,27.0,17.0,566358.0693333333,15.000253592561284,1278.5230075883837,0.5989332264957266,75.85615345773456
124,Liechtenstein,38378,19025,19353,618004684413.1334,67868.40952380953,47.145,9.553889,88265.02222222222,2.8175824175824173,3974.8412568516483,0.7628831168831168,81.98131307692309
125,Lithuania,2794184,1295591,1498593,53411968400.0,19116.0,55.2,24.0,65286.0,3.3,1078.179199,0.712,76.0
126,Luxembourg,613894,308720,305174,70862634400.0,116348.0,49.77,6.13,2590.0,1.9,5782.628418,0.692,82.3
127,Macau,649342,312100,337242,1595581713197.2935,15766.93912911546,22.166667,113.55,979512.7448888889,18.504112554112552,407.70597567237314,0.608347498655191,74.32552861381475
128,Macedonia,2077132,1040200,1036932,282179091692.013,21440.584112924113,7.0,10.0,1214591.889382716,18.145371533228676,1568.5288980316711,0.5935544490231991,74.90119881311075
129,Madagascar,27691019,13814619,13876400,21703185691.923077,3851.3846153846152,-20.0,47.0,319992.8,37.38461538461539,200.89714007692308,0.4472307692307692,64.65083107692307
130,Malawi,19129955,9434037,9695918,7666704427.0,411.0,-13.0,34.0,118480.0,35.3,32.259384,0.407,63.798
131,Malaysia,32655400,16771000,15884400,364701517787.0,11414.0,3.780511,102.314362,330345.0,6.7,384.066071,0.622,75.997
132,Maldives,540542,342928,197614,432393299036.94586,9039.790468139918,4.18,73.51,571038.9953128748,27.439248327430146,368.88205869465753,0.5242692330680496,71.29308162858338
133,Mali,20250834,10145174,10105660,17510141171.0,890.0,17.0,-4.0,1240190.0,62.0,31.378105,0.317,58.893
134,Malta,493559,251836,241723,14606972200.0,30090.0,35.883333,14.5,320.0,6.1,2585.563965,0.701,82.5
135,Marshall Islands,59194,28373,27502,50982769586.66694,6685.371153846154,9.82,169.29,40323.3195654321,25.048348794063084,447.549989535436,0.4930938775510204,69.6883335227874
136,Martinique,375265,172607,202658,9682128260.01888,17644.694077134987,14.65,-61.015,5562.272221234569,15.04259595959596,653.7598957984053,0.5744916666666666,75.38979675732324
137,Mauritania,4649660,2334981,2314679,7593752450.0,1677.0,21.0,-11.0,1030700.0,51.5,48.817131,0.353,64.704
138,Mauritius,1271767,627480,644287,14180444557.0,11203.0,-20.2,57.5,2040.0,13.6,599.699768,0.626,74.416341
139,Mayotte,272813,134159,138654,21699609043.840237,3487.7988165680476,-12.843056,45.138333,264977.98666666663,35.191124260355025,176.16245362130172,0.44971005917159756,65.03058731360946
140,Mexico,110991953,54855231,57481307,1258286717124.0,9863.0,23.0,-102.0,1964375.0,11.0,494.677643,0.607,74.992
141,Micronesia,115021,58480,56541,596759448432.1165,12463.732692307693,12.0,152.0,95825.80352658436,21.60736239950526,1014.735466552953,0.5785818594104309,72.34655213409692
142,Moldova,4033963,1931953,2102010,11955435456.0,4498.0,47.25,28.516667,33850.0,13.6,191.185776,0.58,71.808
143,Monaco,39244,11648,12406,631376770109.1818,60688.55565862708,43.731111,7.42,96298.1525925926,2.9397252747252742,3853.031483394505,0.745275974025974,81.84376510848126
144,Mongolia,3278292,1615039,1663253,13852850259.0,4295.0,47.0,104.0,1564120.0,14.0,148.784454,0.626,69.689
145,Montenegro,622182,307712,314470,253542593373.4438,18646.745562130178,42.766667,19.216667,87649.736,3.857396449704143,1366.61830369697,0.6925486111111111,78.72962710059173
146,Montserrat,4999,2667,2678,16422828023.935545,18944.444077134984,16.75,-62.2,6107.223702650207,14.906855555555557,606.726717878246,0.5667899999999999,75.88196560347707
147,Morocco,36910558,18316887,18593671,118725279596.0,3204.0,32.0,-6.0,446550.0,19.2,161.010864,0.5,76.453
148,Mozambique,31255435,15188235,16067200,14934159925.0,491.0,-19.0,35.0,786380.0,54.0,21.071156,0.361,60.163
149,Myanmar,54409794,26220190,28189604,76085852617.0,1407.0,22.0,96.0,676590.0,36.8,58.043957,0.473,66.867
150,Namibia,2540916,1231683,1309233,12366527719.0,4957.0,-23.0,17.0,824290.0,29.0,447.28064,0.435,63.373
151,Nauru,10834,4785,5460,114326294796.25333,6250.86888111888,-0.533333,166.933333,50549.26110489986,24.471595266205657,483.48421808892596,0.502592542202066,71.3384647361971
152,Nepal,29136808,13348435,15788373,30641380604.0,1071.0,28.0,84.0,147180.0,26.7,47.915363,0.49,70.478
153,Netherlands,17282163,8581086,8701077,913366020000.0,52982.0,52.316667,5.55,41540.0,3.3,4911.44043,0.8,81.9
154,Netherlands Antilles,197041,98520,98520,20732853513.661823,19989.50908520384,15.0,-66.0,16237.897051935255,16.03474057457694,599.8001484959769,0.5380283333333332,75.90360109634968
155,New Caledonia,285491,143498,141993,32304536171.832767,7399.617625556261,-21.25,165.3,57128.12363909209,21.790182129951905,610.037682287676,0.5120106827916351,72.15052382287939
156,New Zealand,4822233,2370163,2452070,206928765543.0,42084.0,-41.2,174.0,267710.0,4.7,3937.221924,0.767,81.858537
157,Nicaragua,6624554,3264849,3359705,12520915291.0,1912.0,13.0,-85.0,130370.0,15.7,192.083389,0.531,74.275
158,Niger,24206636,12170165,12036471,12928145120.0,554.0,17.0,10.0,1267000.0,48.0,29.26165,0.316,62.024
159,Nigeria,206139587,104469637,101669950,448120428858.0,2229.0,9.0,8.0,923770.0,75.7,73.92498,0.342,54.332
160,Niue,1618,688,703,27730799031.25031,8766.157157878852,-19.05,-169.916667,26440.214455610254,19.870845252382765,750.0710881562286,0.5408139254220207,72.72490192329323
161,Norfolk Island,2188,938,1124,148575130315.60364,12330.714055379502,-29.033333,167.949722,546615.3461787389,17.104419234317135,1097.4554855506951,0.5557210396481825,73.79565343616781
162,North Korea,25778815,12608379,13170436,2091969291233.801,14040.024782045446,40.0,127.0,2159439.003437037,16.757555777555776,823.8083212870621,0.64209156228387,73.99819486191464
163,Northern Mariana Islands,57557,22286,19704,928301719139.7659,14940.644657445657,16.705,145.78,310666.9129533747,18.902414565953524,1048.4503868530626,0.5928282809271487,73.35920857050597
164,Norway,5328212,2685073,2643139,403336363636.0,75419.0,65.0,11.0,625217.0,2.1,7936.375,0.771,82.8
165,Oman,5106622,3370230,1736392,76983094928.0,15474.0,21.0,57.0,309500.0,9.8,587.646301,0.622,77.633
166,Pakistan,220892331,113672007,107220324,278221906022.0,1284.0,30.0,71.0,796100.0,57.2,44.592964,0.389,67.114
167,Palau,18092,14679,13759,998946397468.5265,14447.25326215645,7.466667,134.55,412523.41564681206,19.73725988838002,933.2720752880414,0.6074167675887009,73.65502729023852
168,Palestine,5101416,2586971,2514445,282179091692.013,21440.584112924113,7.0,10.0,1214591.889382716,18.145371533228676,1568.5288980316711,0.5935544490231991,74.90119881311075
169,Panama,4314768,2159880,2154888,64152147111.957306,9520.237992644394,8.616667,-80.366667,159782.54704285323,17.637230419153493,448.24803891754675,0.5274479797979799,74.67551464941583
170,Papua New Guinea,8947027,4568072,4378955,24969611434.0,2845.0,-6.3,147.0,462840.0,38.0,61.45784,0.384,64.263
171,Paraguay,7132530,3624360,3508170,38145288939.0,5414.0,-23.5,-58.0,406751.0,17.2,381.113068,0.533,74.131
172,Peru,29381884,14450757,14931127,226848050819.0,6977.0,-9.4,-76.0,1285220.0,11.1,332.570923,0.586,76.516
173,Philippines,100979303,51069962,49909341,376795508679.0,3485.0,12.0,123.0,300000.0,22.5,132.900986,0.548,71.095
174,Pitcairn Islands,50,25,25,79757890585.89787,10607.081860364122,-25.067781,-130.104578,196080.2435886274,15.630365011079865,910.4786652614803,0.5729694124089796,74.52164097904671
175,Poland,37972812,18380376,19592436,585705873800.0,15222.0,52.0,19.0,312680.0,3.8,906.820129,0.747,77.7
176,Portugal,10276617,4852366,5424251,240597516000.0,23364.0,38.7,-9.183333,92225.0,3.1,1908.033936,0.776,81.5
177,Puerto Rico,2860840,1355518,1505322,24193684337.344303,19245.74709719185,18.25,-66.5,12815.688677400347,19.062174028359152,567.7689096135109,0.5263095833333333,75.14918094693928
178,Qatar,2881060,2165135,715925,183466208791.0,64781.0,25.269535,51.212767,11610.0,5.8,1649.186157,0.615,80.1
179,Republic of the Congo,5518092,2756678,2761414,10820591130.0,2011.0,-0.75,15.383331,342000.0,36.2,49.983723,0.42,64.29
180,Romania,19414458,9500450,9914008,241475766400.0,12390.0,46.0,25.0,238400.0,6.1,555.104736,0.601,75.3
181,Russia,145934460,67640299,78294161,1699876578871.0,11584.0,66.416667,94.25,17098250.0,6.1,585.87323,0.729,72.657317
182,Rwanda,12952209,6367431,6584778,10122472590.0,801.0,-1.940278,29.873889,26340.0,27.0,49.204456,0.374,68.7
183,Réunion,895308,433301,462007,45640076492.96735,4307.526954364317,-21.114444,55.5325,289573.3397933451,37.26906588779489,220.94694536552853,0.45646510987070427,64.59113733154507
184,Saint Helena,6071,1361,1216,57517504821.90159,2338.841904761905,-15.95,-5.716667,360307.4482962963,49.973777777777784,104.05311378857142,0.3881656804733727,61.64107936507936
185,Saint Kitts and Nevis,53192,30289,30759,10959621583.012014,18045.716370367893,17.271667,-62.666669,7799.810998115927,15.313255824157476,603.1971503669379,0.5581347395833334,75.57480703279788
186,Saint Lucia,183629,90422,93207,11660703546.345425,17772.85703273761,13.883333,-60.966667,7790.085819496966,15.532569808449656,622.9556825787399,0.5677670081018518,75.73940943852178
187,Saint Vincent and the Grenadines,110947,56218,54729,12342007326.15581,18212.989677933154,12.9,-61.233333,8268.091540796764,15.581229024484243,635.4854414694123,0.5677670081018518,75.71823673442324
188,Samoa,198410,102703,95707,29903249841.83544,6283.959140849585,-13.745,-172.2175,50146.93590489352,21.178935194547385,511.1208336549511,0.520022230124373,71.93745852738253
189,San Marino,33938,15936,17019,399191792931.943,33987.5325933355,43.933333,12.466667,78024.69005432098,3.2980071851225694,2709.128442117149,0.7377889471639473,80.2759573133277
190,Saudi Arabia,34813867,20131308,14682559,792966838161.0,23139.0,23.716667,44.116667,2149690.0,6.0,1093.405518,0.585,74.998
191,Senegal,16743930,8170785,8573145,23578084052.0,1446.0,14.366667,-14.283333,196710.0,31.8,55.014038,0.418,67.665
192,Serbia,6963764,3392811,3570953,51409167350.0,7402.0,43.95,20.933333,88360.0,4.8,528.545166,0.755,75.9
193,Seychelles,98340,50439,47901,1698843062.0,17401.0,-7.1,52.766667,460.0,12.4,791.656677,0.678,72.841463
194,Sierra Leone,7976985,3981239,3995746,3941474310.0,504.0,8.5,-12.1,72300.0,78.5,66.402184,0.351,54.309
195,Singapore,5850343,3062257,2788086,372062527488.0,65233.0,1.3,103.8,719.0,2.3,2618.712402,0.884,83.146341
196,Sint Maarten,42882,15212,15660,13171300443.691532,19121.542304727795,18.031944,-63.067778,9305.676888676571,15.846106182395273,616.9138556296373,0.5598860611321549,76.05639791318073
197,Slovakia,5450421,2661077,2789344,105870732800.0,19470.0,49.0,20.0,49030.0,4.6,1186.136353,0.694,77.4
198,Slovenia,2080908,1038656,1042252,53990687600.0,26078.0,46.0,15.0,20675.0,1.7,1920.28186,0.788,81.5
199,Solomon Islands,686878,349262,337616,1425074225.0,2127.0,-9.466667,159.816667,28900.0,17.1,101.239868,0.443,72.835
200,Somalia,15893219,7924087,7969132,110572635170.1699,6840.993237531699,6.0,47.0,681546.4417777777,35.499348148148144,300.87575374016035,0.45781868131868125,66.86972378074076
201,South Africa,59308690,29216012,30092678,351431649241.0,6001.0,-29.0,24.0,1219090.0,28.5,499.237549,0.406,63.857
202,South Georgia and the South Sandwich Islands,30,15,15,310995412456.31067,8539.788740783028,-54.25,-36.75,1407484.5627851852,23.261423211708927,776.4351101206431,0.5233761597163521,70.49200229694908
203,South Korea,51269183,25665854,25603329,1642383217167.0,31761.0,36.0,128.0,100339.0,2.7,2283.074707,0.845,82.626829
204,South Sudan,11193729,5603014,5590715,11997800760.0,1119.0,7.0,30.0,619745.0,63.7,22.888573,0.302,57.604
205,Spain,46937060,23009259,23927801,1418587740000.0,30326.0,40.2,-3.5,505935.0,2.5,2506.464844,0.743,83.5
206,Sri Lanka,21413250,10267351,11145899,84008783756.0,3853.0,7.0,81.0,65610.0,6.4,159.484741,0.584,76.812
207,Sudan,43849269,21907295,21941974,18902284475.0,441.0,15.0,32.0,1886068.0,42.1,193.793045,0.379,65.095
208,Suriname,586634,294822,291812,12355755072.377396,15713.561450984353,4.0,-56.0,104777.55142268197,16.855452641597402,568.9863705805183,0.5660182513503087,74.35562693440303
209,Svalbard and Jan Mayen,3122,1731,1391,620277323076.5724,45986.6241924742,78.635166,21.993908,1405151.206842026,2.99239332096475,3930.3045911861777,0.7594608688930118,79.68625946239317
210,Swaziland,1160164,570236,589928,4405405802.0,3837.0,-26.483333,31.433333,17360.0,43.0,224.736771,0.409,59.401
211,Sweden,10230185,5142438,5087747,556025322000.0,54634.0,61.0,15.0,447430.0,2.2,5904.583984,0.8,82.6
212,Switzerland,8544527,4237121,4307406,703082435360.0,81993.0,46.798562,8.231973,41290.0,3.7,9956.259766,0.767,83.8
213,Syria,17500657,8760065,8740592,253762322423.92856,15797.714285714286,35.216667,38.583333,452074.6,9.92,955.6016721428571,0.607,76.38282926666668
214,São Tomé and Príncipe,219161,109675,109486,62148778095.2637,2060.9724444444446,0.316667,6.6,613516.106074074,49.355081481481484,73.12088470933332,0.3844395604395604,61.60031851851853
215,Taiwan,23816775,11834313,11982462,2059693573004.4265,13270.020894177502,24.0,121.0,1136248.2135981827,17.79761979555695,766.6943222929764,0.6213838079318031,74.4923186209077
216,Tajikistan,9537642,4805738,4731904,8116626794.0,870.0,38.583333,71.366667,141380.0,30.4,57.899853,0.533,70.879
217,Tanzania,59734213,29851108,29883105,63177068174.0,1122.0,-6.307,34.854,947300.0,37.6,33.916576,0.4,65.015
218,Thailand,69799978,33966060,35833918,543649976165.0,7808.0,14.0,101.0,513120.0,7.8,247.03511,0.604,76.931
219,Togo,8278736,4119404,4159332,5459979416.0,675.0,8.25,1.183333,56790.0,47.4,38.048714,0.413,60.76
220,Tokelau,1350,634,683,24630960156.904568,6001.160390027757,-9.166667,-171.833333,19547.929857665968,22.373001714108412,482.51700862723516,0.515204756116899,71.49105341188272
221,Tonga,105697,52904,52793,450353313.0,4364.0,-20.587778,-174.810278,750.0,13.4,222.015488,0.512,70.801
222,Trinidad and Tobago,1399491,690947,708544,24100202833.0,17276.0,10.666667,-61.516667,5130.0,16.4,1124.091675,0.613,73.38
223,Tunisia,11818618,5860752,5957866,38797709923.0,3317.0,34.0,10.0,163610.0,14.6,250.562225,0.508,76.505
224,Turkey,82003882,41139980,40863902,754411708202.0,9042.0,39.0,36.0,785350.0,9.1,444.653687,0.626,78.9
225,Turkmenistan,6031187,2969310,3061877,156795447739.66193,14524.647619047619,39.0,60.0,552224.9733333333,20.581333333333337,577.5375390761905,0.5652307692307692,72.88865528444444
226,Turks and Caicos Islands,38718,23158,22841,24885193591.501286,17008.066110651373,21.78,-71.8,25035.63675349222,19.96368387061053,483.7338604940827,0.5167564293104657,74.6988914647889
227,Tuvalu,11792,6057,6178,31194879357.16101,5687.055243189786,-7.475,178.005556,56323.98161252095,22.196981124917265,455.5301261411898,0.5075695242550344,71.4604899766205
228,Uganda,45741000,22546589,23194411,34387229486.0,776.0,1.28,32.39,241550.0,33.8,38.426441,0.382,62.973
229,Ukraine,43733759,20263148,23470611,153781069118.0,3659.0,49.0,32.0,603550.0,7.5,177.40889,0.647,71.582683
230,United Arab Emirates,9890400,6836349,3054051,421142267937.0,43103.0,24.4,54.3,83600.0,6.5,1357.017456,0.659,77.814
231,United Kingdom,66647112,32901036,33746076,2860009176200.0,43070.0,54.6,-2.0,243610.0,3.6,3858.674316,0.781,81.3
232,United States Minor Outlying Islands,190,95,95,648584341529.1724,10268.556932788171,19.3,166.633333,130472.42384004153,22.80592028870256,810.3388723989879,0.541186958861089,72.0640937277316
233,United States Virgin Islands,104423,49601,54822,18660652255.481167,18568.23786028335,18.333333,-64.833333,13112.851594835256,16.432160604163982,598.5917352464174,0.5498027277988214,75.79349896678671
234,United States of America,331002647,163786016,167216631,21374418877706.0,65118.0,39.828175,-98.5795,9831510.0,5.6,10246.138672,0.762,78.539024
235,Uruguay,3473727,1678336,1795391,56045912952.0,16190.0,-33.0,-56.0,176220.0,6.4,1591.533203,0.6,77.77
236,Uzbekistan,33469199,16696918,16772280,149656338610.5108,14046.776507936507,41.0,66.0,536173.6648888888,20.45208888888889,525.0954433384127,0.5568736263736264,72.81604368562962
237,Vanuatu,307150,155690,151460,917058850.0,3058.0,-16.633331,168.016669,12190.0,22.3,105.666527,0.471,70.323
238,Vatican City,809,6788,4208,416289630062.9224,33621.54865769462,41.904,12.453,76878.84272460904,3.7011615444994566,2777.624635508634,0.7309020424020425,80.35916942911486
239,Venezuela,28435943,13984932,14451011,37184442704.1494,15954.762746355646,8.0,-67.0,173310.5684002402,17.237974767619527,564.2731282356616,0.5602537392526455,74.62022045656622
240,Vietnam,97338583,48598254,48740329,261921244843.0,2715.0,16.0,108.0,331230.0,16.5,129.575958,0.666,75.317
241,Wallis and Futuna,11246,5623,5623,31980361409.112114,6036.702321000043,-14.30181,-178.10932,58851.51700825279,21.735440285575944,469.6901775139041,0.5091463561624641,71.75217533596222
242,Western Sahara,597330,312260,285070,207244822738.54813,8487.778597932678,25.0,-13.0,512797.9300740741,37.76625218658892,585.185859192624,0.4685090266875981,68.07135339380196
243,Yemen,29825968,15024985,14800983,27591261663.0,968.0,15.5,48.0,527970.0,42.9,72.039467,0.369,66.096
244,Zambia,18383956,9103006,9280950,23064722446.0,1291.0,-14.0,28.0,752610.0,40.4,67.648666,0.396,63.51
245,Zimbabwe,14862927,7092010,7770917,21440758800.0,1463.0,-19.0,30.0,390760.0,33.9,110.14962,0.441,61.195
